Feature_Importances,predictors
0.54288733,PPFD
0.36119244,GCC
0.03607272,EVI
0.025837455,Tair
0.022268007,VPD
0.011742103,TIMESTAMP_END
