Feature_Importances,predictors
0.546623,PPFD
0.34713957,GCC
0.03611051,EVI
0.028898882,Tair
0.02664817,VPD
0.014579908,TIMESTAMP_END
