Feature_Importances,predictors
0.44052503,GCC
0.43763992,PPFD
0.04701199,EVI
0.027377244,Tair
0.027291497,VPD
0.020154372,TIMESTAMP_END
